DoorBell Pressed, 15:57:22, ./images/15:57:22.jpg
DoorBell Pressed, 15:57:30, ./images/15:57:30.jpg
DoorBell Pressed, 16:24:14, ./images/16:24:14.jpg
DoorBell Pressed, 14:03:51, ./images/14:03:51.jpg
DoorBell Pressed, 15:41:37, ./images/15:41:37.jpg
DoorBell Pressed, 15:44:20, ./images/15:44:20.jpg
DoorBell Pressed, 16:03:11, ./images/16:03:11.jpg
DoorBell Pressed, 16:03:28, ./images/16:03:28.jpg
DoorBell Pressed, 16:04:38, ./images/16:04:38.jpg
DoorBell Pressed, 16:04:50, ./images/16:04:50.jpg
